{
    "CNC_01": {
        "temp_mean": 75.43333201071322,
        "temp_std": 4.671918670659195,
        "vib_mean": 2.800428528915782,
        "vib_std": 1.31301589062858,
        "rpm_mean": 1479.9404820950303,
        "rpm_std": 12.838427750656665,
        "current_mean": 13.21306120424561,
        "current_std": 0.9637792123522891
    },
    "CNC_02": {
        "temp_mean": 69.78731177462552,
        "temp_std": 6.925425658434663,
        "vib_mean": 1.5001011804384485,
        "vib_std": 0.03502025603749673,
        "rpm_mean": 1489.866382303343,
        "rpm_std": 12.83990639090653,
        "current_mean": 12.104015474655291,
        "current_std": 1.3128332930406916
    },
    "PUMP_03": {
        "temp_mean": 55.01081440333301,
        "temp_std": 0.9509465946976867,
        "vib_mean": 2.5231484971728997,
        "vib_std": 1.1507114374040923,
        "rpm_mean": 2847.310981053467,
        "rpm_std": 57.67232465568053,
        "current_mean": 18.15716992361869,
        "current_std": 0.640055534383792
    },
    "CONVEYOR_04": {
        "temp_mean": 44.99843666302946,
        "temp_std": 0.7828459072290106,
        "vib_mean": 0.9111229044737625,
        "vib_std": 0.12975323371255446,
        "rpm_mean": 719.9942466025196,
        "rpm_std": 6.232703577041068,
        "current_mean": 8.497494296200774,
        "current_std": 0.1463270913091462
    }
}